{
  "boss": "countess",
  "difficulty": "H",
  "drops": {
    "FA": 0.007126696832579186,
    "FG": 0.040384615384615394,
    "HEL": 0.06810653643271689,
    "IST": 0.004245795118710703,
    "LO": 2.1844281479169918e-05,
    "MAL": 0.006368692678066054,
    "OHM": 3.276642221875488e-05,
    "RAL": 0.1762757413552672,
    "TAL": 0.26441361203290076,
    "UKEY": 0.07352941176470588,
    "UM": 0.006242782891787047,
    "VEX": 3.110373412716451e-05
  },
  "players": 1
}