{
  "boss": "mephisto",
  "difficulty": "H",
  "drops": {
    "BER": 1.6226356067885216e-05,
    "CHAM": 1.2080577451602187e-05,
    "FA": 0.0071794871794871795,
    "FG": 0.04068376068376068,
    "HEL": 0.0007107708302671431,
    "IST": 4.430980460519368e-05,
    "JAH": 1.812086617740328e-05,
    "LO": 2.1941017561218585e-05,
    "MAL": 6.646470690779052e-05,
    "OHM": 3.291152634182788e-05,
    "RAL": 0.0018396421489267232,
    "SUR": 2.4339534101827827e-05,
    "TAL": 0.0027594632233900844,
    "UM": 6.515069201260202e-05,
    "VEX": 3.1241475136380796e-05
  },
  "players": 1
}