{
  "boss": "council11",
  "difficulty": "H",
  "drops": {
    "AMN": 0.017271731175491575,
    "BER": 0.00013143348414987023,
    "CHAM": 9.785267735797773e-05,
    "DOL": 0.006908692470196629,
    "EL": 0.004470330421891936,
    "ELD": 0.0029802202812612907,
    "ETH": 0.015646156476621778,
    "FA": 0.058153846153846146,
    "FAL": 0.0015614746677431296,
    "FG": 0.3295384615384615,
    "GUL": 0.0003795839229070267,
    "HEL": 0.005757243725163859,
    "IO": 0.0038381624834425724,
    "IST": 0.0003589094173020688,
    "ITH": 0.010430770984414518,
    "JAH": 0.00014677901603696655,
    "KO": 0.0020256968662613574,
    "LEM": 0.0010409831118287534,
    "LO": 0.00017772224224587053,
    "LUM": 0.003038545299392037,
    "MAL": 0.0005383641259531033,
    "NEF": 0.007450550703153229,
    "OHM": 0.0002665833633688058,
    "ORT": 0.022351652109459687,
    "PUL": 0.0007915809079531142,
    "RAL": 0.014901101406306457,
    "SHAEL": 0.010363038705294944,
    "SOL": 0.011514487450327718,
    "SUR": 0.00019715022622480543,
    "TAL": 0.022351652109459687,
    "THUL": 0.014901101406306457,
    "TIR": 0.011175826054729844,
    "UM": 0.0005277206053020764,
    "VEX": 0.00025305594860468446
  },
  "players": 1
}
