{
  "boss": "council",
  "difficulty": "H",
  "drops": {
    "BER": 7.965665706052743e-06,
    "CHAM": 5.930465294422892e-06,
    "FA": 0.003524475524475524,
    "FG": 0.01997202797202797,
    "HEL": 0.000348923862131143,
    "IST": 2.1752085897095078e-05,
    "JAH": 8.895697941634337e-06,
    "LO": 1.0771044984598214e-05,
    "MAL": 3.262812884564262e-05,
    "OHM": 1.615656747689732e-05,
    "RAL": 0.0009030970549276641,
    "SUR": 1.1948498559079117e-05,
    "TAL": 0.0013546455823914962,
    "UM": 3.198306698800463e-05,
    "VEX": 1.5336724157859664e-05
  },
  "players": 1
}