{
  "boss": "nihl",
  "difficulty": "H",
  "drops": {
    "BER": 1.4361537347414157e-05,
    "CHAM": 1.0692213552055119e-05,
    "FA": 0.006355611601513241,
    "FG": 0.036015132408575026,
    "HEL": 0.000629085284559796,
    "IST": 3.92174873416943e-05,
    "JAH": 1.603832032808268e-05,
    "LO": 1.9419439695974734e-05,
    "MAL": 5.882623101254144e-05,
    "OHM": 2.9129159543962096e-05,
    "RAL": 0.0016282207365077074,
    "SUR": 2.1542306021121236e-05,
    "TAL": 0.002442331104761561,
    "UKEY": 0.06557377049180328,
    "UM": 5.766322966378775e-05,
    "VEX": 2.7651039462116253e-05
  },
  "players": 1
}