{
  "boss": "nihl",
  "difficulty": "H",
  "drops": {
    "AMN": 0.002359069817099235,
    "BER": 1.7951921684267697e-05,
    "CHAM": 1.3365266940068899e-05,
    "DOL": 0.0009436279268396938,
    "EL": 0.0006105827761903901,
    "ELD": 0.0004070551841269267,
    "ETH": 0.002137039716666365,
    "FA": 0.00794451450189155,
    "FAL": 0.0002132749590304478,
    "FG": 0.045018915510718786,
    "GUL": 5.1845698991467974e-05,
    "HEL": 0.000786356605699745,
    "IO": 0.0005242377371331634,
    "IST": 4.902185917711787e-05,
    "ITH": 0.0014246931444442436,
    "JAH": 2.004790041010335e-05,
    "KO": 0.0002766810279313917,
    "LEM": 0.00014218330602029856,
    "LO": 2.4274299619968418e-05,
    "LUM": 0.00041502154189708765,
    "MAL": 7.35327887656768e-05,
    "NEF": 0.001017637960317317,
    "OHM": 3.641144942995262e-05,
    "ORT": 0.003052913880951951,
    "PUL": 0.000108118555619602,
    "RAL": 0.002035275920634634,
    "SHAEL": 0.001415441890259541,
    "SOL": 0.00157271321139949,
    "SUR": 2.6927882526401545e-05,
    "TAL": 0.003052913880951951,
    "THUL": 0.002035275920634634,
    "TIR": 0.0015264569404759756,
    "UKEY": 0.10714286,
    "UM": 7.20790370797347e-05,
    "VEX": 3.4563799327645314e-05,
    "ZOD": 5.121198028680172e-06
  },
  "players": 1
}