{
  "boss": "mephisto",
  "difficulty": "H",
  "drops": {
    "YellowEss": 0.058823529411764705, 
    "AMN": 0.002132312490801429,
    "BER": 1.6226356067885216e-05,
    "CHAM": 1.2080577451602187e-05,
    "DOL": 0.0008529249963205715,
    "EL": 0.0005518926446780169,
    "ELD": 0.0003679284297853446,
    "ETH": 0.0019316242563730591,
    "FA": 0.0071794871794871795,
    "FAL": 0.00019277465033865797,
    "FG": 0.04068376068376068,
    "GUL": 4.68622127045712e-05,
    "HEL": 0.0007107708302671431,
    "IO": 0.0004738472201780954,
    "IST": 4.430980460519368e-05,
    "ITH": 0.0012877495042487059,
    "JAH": 1.812086617740328e-05,
    "KO": 0.00025008603287177253,
    "LEM": 0.00012851643355910535,
    "LO": 2.1941017561218585e-05,
    "LUM": 0.00037512904930765885,
    "MAL": 6.646470690779052e-05,
    "NEF": 0.0009198210744633616,
    "OHM": 3.291152634182788e-05,
    "ORT": 0.0027594632233900844,
    "PUL": 9.772603801890301e-05,
    "RAL": 0.0018396421489267232,
    "SHAEL": 0.0012793874944808572,
    "SOL": 0.0014215416605342862,
    "SUR": 2.4339534101827827e-05,
    "TAL": 0.0027594632233900844,
    "THUL": 0.0018396421489267232,
    "TIR": 0.0013797316116950422,
    "UM": 6.515069201260202e-05,
    "VEX": 3.1241475136380796e-05
  },
  "players": 1
}