{
  "boss": "summoner",
  "difficulty": "H",
  "drops": {
    "FA": 0.006923076923076922,
    "FG": 0.03923076923076923,
    "HEL": 0.0006874188991559757,
    "IST": 4.285403368631555e-05,
    "LO": 2.122015915119363e-05,
    "MAL": 6.428105052947334e-05,
    "OHM": 3.183023872679044e-05,
    "RAL": 0.001779201856638996,
    "TAL": 0.0026688027849584937,
    "UKEY": 0.07142857142857142,
    "UM": 6.301020677187914e-05,
    "VEX": 3.0215056009245525e-05
  },
  "players": 1
}