{
  "boss": "countess",
  "difficulty": "H",
  "drops": {
    "AMN": 0.20431960929815063,
    "DOL": 0.08172784371926026,
    "EL": 0.05288272240658017,
    "ELD": 0.035255148271053444,
    "ETH": 0.18508952842303056,
    "FA": 0.007126696832579186,
    "FAL": 0.018471795953780852,
    "FG": 0.040384615384615394,
    "GUL": 4.6655601190746775e-05,
    "HEL": 0.06810653643271689,
    "IO": 0.045404357621811255,
    "IST": 0.004245795118710703,
    "ITH": 0.12339301894868702,
    "KO": 0.02396341096706705,
    "LEM": 0.012314530635853901,
    "LO": 2.1844281479169918e-05,
    "LUM": 0.03594511645060058,
    "MAL": 0.006368692678066054,
    "NEF": 0.0881378706776336,
    "OHM": 3.276642221875488e-05,
    "ORT": 0.26441361203290076,
    "PUL": 0.009364174337680572,
    "RAL": 0.1762757413552672,
    "SHAEL": 0.12259176557889037,
    "SOL": 0.13621307286543377,
    "TAL": 0.26441361203290076,
    "THUL": 0.1762757413552672,
    "TIR": 0.13220680601645038,
    "UKEY": 0.07352941176470588,
    "UM": 0.006242782891787047,
    "VEX": 3.110373412716451e-05
  },
  "players": 1
}