{
  "boss": "andariel",
  "difficulty": "H",
  "drops": {
    "FA": 0.008552036199095024,
    "FG": 0.04846153846153847,
    "HEL": 0.0008491645224867935,
    "IST": 5.293733573015451e-05,
    "LO": 2.6213137775003904e-05,
    "MAL": 7.940600359523177e-05,
    "OHM": 3.931970666250585e-05,
    "RAL": 0.002197837587612878,
    "TAL": 0.003296756381419316,
    "UM": 7.783613777702719e-05,
    "VEX": 3.732448095259742e-05
  },
  "players": 1
}