{
  "boss": "shenk",
  "difficulty": "H",
  "players": 1,
  "drops": {
    "EL": 0.00032036615961505976,
    "ELD": 0.00021358314257224897,
    "TIR": 0.0008008191638004813,
    "NEF": 0.000533915085214165,
    "ETH": 0.0011210570097657246,
    "ITH": 0.000747441199497656,
    "TAL": 0.001601317543476366,
    "RAL": 0.001067687599706213,
    "ORT": 0.001601317543476366,
    "THUL": 0.001067687599706213,
    "AMN": 0.0012374944102506724,
    "SOL": 0.0008250814035389853,
    "SHAEL": 0.0007425885865920412,
    "DOL": 0.0004950897045419289,
    "HEL": 0.00041258326678872415,
    "IO": 0.00027506497008567,
    "LUM": 0.00021776288810548827,
    "KO": 0.00014517789350587673,
    "FAL": 0.00011190889043766195,
    "LEM": 7.460662275293739e-05,
    "PUL": 5.673237290904076e-05,
    "UM": 3.782176075350918e-05,
    "MAL": 3.8584575023703493e-05,
    "IST": 2.5723132726862552e-05,
    "GUL": 2.720486992591198e-05,
    "VEX": 1.8136621068087777e-05,
    "OHM": 1.9106131664781145e-05,
    "LO": 1.2737441390298088e-05,
    "SUR": 1.4129849734700883e-05,
    "BER": 9.419910915076102e-06,
    "JAH": 1.0519730828439933e-05,
    "CHAM": 7.013160033708665e-06,
    "ZOD": 2.687250493571547e-06,
    "FA": 0.00416438990450041,
    "FG": 0.023483319274178127
  }
}