{
  "boss": "summoner",
  "difficulty": "H",
  "drops": {
    "AMN": 0.0025778208718349087,
    "DOL": 0.0010311283487339634,
    "EL": 0.0006672006962396234,
    "ELD": 0.0004448004641597489,
    "ETH": 0.0023352024368386817,
    "FA": 0.008653846153846153,
    "FAL": 0.00023305144970421052,
    "FG": 0.04903846153846153,
    "GUL": 5.665323001733536e-05,
    "HEL": 0.0008592736239449696,
    "IO": 0.0005728490826299797,
    "IST": 5.356754210789444e-05,
    "ITH": 0.001556801624559121,
    "KO": 0.0003023370158324893,
    "LEM": 0.00015536763313614036,
    "LO": 2.6525198938992037e-05,
    "LUM": 0.000453505523748734,
    "MAL": 8.035131316184166e-05,
    "NEF": 0.0011120011603993727,
    "OHM": 3.9787798408488056e-05,
    "ORT": 0.003336003481198117,
    "PUL": 0.00011814413769727338,
    "RAL": 0.0022240023207987453,
    "SHAEL": 0.0015466925231009453,
    "SOL": 0.0017185472478899392,
    "TAL": 0.003336003481198117,
    "THUL": 0.0022240023207987453,
    "TIR": 0.0016680017405990585,
    "UKEY": 0.095238095,
    "UM": 7.876275846484893e-05,
    "VEX": 3.776882001155691e-05
  },
  "players": 1
}