{
  "boss": "council11",
  "difficulty": "H",
  "drops": {
    "AMN": 0.007850786897950716,
    "BER": 5.9742492795395566e-05,
    "CHAM": 4.4478489708171695e-05,
    "DOL": 0.0031403147591802863,
    "EL": 0.002031968373587244,
    "ELD": 0.001354645582391496,
    "ETH": 0.007111889307555354,
    "FA": 0.02643356643356643,
    "FAL": 0.0007097612126105136,
    "FG": 0.14979020979020977,
    "GUL": 0.00017253814677592124,
    "HEL": 0.0026169289659835723,
    "IO": 0.001744619310655715,
    "IST": 0.00016314064422821308,
    "ITH": 0.004741259538370235,
    "JAH": 6.671773456225753e-05,
    "KO": 0.0009207713028460715,
    "LEM": 0.0004731741417403424,
    "LO": 8.07828373844866e-05,
    "LUM": 0.0013811569542691077,
    "MAL": 0.0002447109663423196,
    "NEF": 0.0033866139559787403,
    "OHM": 0.0001211742560767299,
    "ORT": 0.010159841867936222,
    "PUL": 0.00035980950361505195,
    "RAL": 0.006773227911957481,
    "SHAEL": 0.0047104721387704294,
    "SOL": 0.005233857931967145,
    "SUR": 8.961373919309338e-05,
    "TAL": 0.010159841867936222,
    "THUL": 0.006773227911957481,
    "TIR": 0.005079920933968111,
    "UM": 0.00023987300241003472,
    "VEX": 0.00011502543118394748
  },
  "players": 1
}