{
  "boss": "council",
  "difficulty": "H",
  "drops": {
    "AMN": 0.0015701573795901431,
    "BER": 1.1948498559079113e-05,
    "CHAM": 8.895697941634339e-06,
    "DOL": 0.0006280629518360572,
    "EL": 0.00040639367471744875,
    "ELD": 0.00027092911647829917,
    "ETH": 0.0014223778615110709,
    "FA": 0.005286713286713286,
    "FAL": 0.0001419522425221027,
    "FG": 0.029958041958041956,
    "GUL": 3.4507629355184246e-05,
    "HEL": 0.0005233857931967145,
    "IO": 0.00034892386213114296,
    "IST": 3.262812884564262e-05,
    "ITH": 0.000948251907674047,
    "JAH": 1.3343546912451505e-05,
    "KO": 0.0001841542605692143,
    "LEM": 9.463482834806848e-05,
    "LO": 1.615656747689732e-05,
    "LUM": 0.0002762313908538215,
    "MAL": 4.894219326846393e-05,
    "NEF": 0.0006773227911957481,
    "OHM": 2.423485121534598e-05,
    "ORT": 0.0020319683735872444,
    "PUL": 7.196190072301039e-05,
    "RAL": 0.0013546455823914962,
    "SHAEL": 0.0009420944277540858,
    "SOL": 0.001046771586393429,
    "SUR": 1.7922747838618677e-05,
    "TAL": 0.0020319683735872444,
    "THUL": 0.0013546455823914962,
    "TIR": 0.0010159841867936222,
    "UM": 4.7974600482006944e-05,
    "VEX": 2.3005086236789496e-05
  },
  "players": 1
}