{
  "boss": "diablo",
  "difficulty": "H",
  "drops": {
    "AMN": 0.0021319001310081977,
    "BER": 1.6223218114671547e-05,
    "CHAM": 1.207824123472893e-05,
    "DOL": 0.0008527600524032789,
    "EL": 0.0005517859162609451,
    "ELD": 0.0003678572775072967,
    "ETH": 0.0019312507069133076,
    "FA": 0.0071794871794871795,
    "FAL": 0.00019273737038307136,
    "FG": 0.04068376068376068,
    "GUL": 4.685315019969698e-05,
    "HEL": 0.0007106333770027325,
    "IO": 0.0004737555846684884,
    "IST": 4.430123570080281e-05,
    "ITH": 0.0012875004712755386,
    "JAH": 1.81173618520934e-05,
    "KO": 0.0002500376696861466,
    "LEM": 0.0001284915802553809,
    "LO": 2.1936774471378862e-05,
    "LUM": 0.00037505650452921997,
    "MAL": 6.645185355120422e-05,
    "NEF": 0.0009196431937682421,
    "OHM": 3.290516170706829e-05,
    "ORT": 0.002758929581304726,
    "PUL": 9.77071391525292e-05,
    "RAL": 0.0018392863875364841,
    "SHAEL": 0.0012791400786049182,
    "SOL": 0.001421266754005465,
    "SUR": 2.4334827172007323e-05,
    "TAL": 0.002758929581304726,
    "THUL": 0.0018392863875364841,
    "TIR": 0.001379464790652363,
    "UM": 6.513809276835283e-05,
    "VEX": 3.1235433466464655e-05,
    "ZOD": 4.628045625918378e-06,
    "RedEss": 0.058823529411764705
  },
  "players": 1
}