{
  "boss": "council5",
  "difficulty": "H",
  "drops": {
    "BER": 3.9828328530263716e-05,
    "CHAM": 2.965232647211446e-05,
    "FA": 0.01762237762237762,
    "FG": 0.09986013986013985,
    "HEL": 0.0017446193106557151,
    "IST": 0.00010876042948547539,
    "JAH": 4.447848970817169e-05,
    "LO": 5.385522492299107e-05,
    "MAL": 0.00016314064422821308,
    "OHM": 8.07828373844866e-05,
    "RAL": 0.00451548527463832,
    "SUR": 5.974249279539558e-05,
    "TAL": 0.006773227911957481,
    "UM": 0.00015991533494002315,
    "VEX": 7.668362078929833e-05
  },
  "players": 1
}