{
  "boss": "andariel",
  "difficulty": "H",
  "drops": {
    "BlueEss": 0.1111111111111111,
    "AMN": 0.004124513394935854,
    "DOL": 0.0016498053579743414,
    "EL": 0.0010675211139833975,
    "ELD": 0.0007116807426555982,
    "ETH": 0.0037363238989418907,
    "FA": 0.013846153846153845,
    "FAL": 0.00037288231952673683,
    "FG": 0.07846153846153844,
    "GUL": 9.064516802773659e-05,
    "HEL": 0.0013748377983119515,
    "IO": 0.0009165585322079676,
    "IST": 8.570806737263111e-05,
    "ITH": 0.002490882599294594,
    "KO": 0.00048373922533198285,
    "LEM": 0.00024858821301782457,
    "LO": 4.244031830238726e-05,
    "LUM": 0.0007256088379979744,
    "MAL": 0.00012856210105894667,
    "NEF": 0.001779201856638996,
    "OHM": 6.36604774535809e-05,
    "ORT": 0.005337605569916987,
    "PUL": 0.00018903062031563742,
    "RAL": 0.003558403713277992,
    "SHAEL": 0.002474708036961512,
    "SOL": 0.002749675596623903,
    "TAL": 0.005337605569916987,
    "THUL": 0.003558403713277992,
    "TIR": 0.0026688027849584937,
    "UM": 0.00012602041354375828,
    "VEX": 6.043011201849106e-05
  },
  "players": 1
}