{
  "boss": "andariel",
  "difficulty": "H",
  "drops": {
    "AMN": 0.0025474935674603804,
    "DOL": 0.0010189974269841522,
    "EL": 0.0006593512762838633,
    "ELD": 0.00043956751752257544,
    "ETH": 0.002307729466993521,
    "FA": 0.008552036199095024,
    "FAL": 0.00023030966794298453,
    "FG": 0.04846153846153847,
    "GUL": 5.598672142889613e-05,
    "HEL": 0.0008491645224867935,
    "IO": 0.0005661096816578624,
    "IST": 5.293733573015451e-05,
    "ITH": 0.001538486311329014,
    "KO": 0.00029878010976387183,
    "LEM": 0.00015353977862865635,
    "LO": 2.6213137775003904e-05,
    "LUM": 0.00044817016464580774,
    "MAL": 7.940600359523177e-05,
    "NEF": 0.001098918793806439,
    "OHM": 3.931970666250585e-05,
    "ORT": 0.003296756381419316,
    "PUL": 0.00011675420666554077,
    "RAL": 0.002197837587612878,
    "SHAEL": 0.0015284961404762284,
    "SOL": 0.001698329044973587,
    "TAL": 0.003296756381419316,
    "THUL": 0.002197837587612878,
    "TIR": 0.001648378190709658,
    "UM": 7.783613777702719e-05,
    "VEX": 3.732448095259742e-05
  },
  "players": 1
}