{
  "boss": "diablo",
  "difficulty": "H",
  "drops": {
    "BER": 1.6223218114671547e-05,
    "CHAM": 1.207824123472893e-05,
    "FA": 0.0071794871794871795,
    "FG": 0.04068376068376068,
    "HEL": 0.0007106333770027325,
    "IST": 4.430123570080281e-05,
    "JAH": 1.81173618520934e-05,
    "LO": 2.1936774471378862e-05,
    "MAL": 6.645185355120422e-05,
    "OHM": 3.290516170706829e-05,
    "RAL": 0.0018392863875364841,
    "SUR": 2.4334827172007323e-05,
    "TAL": 0.002758929581304726,
    "UM": 6.513809276835283e-05,
    "VEX": 3.1235433466464655e-05
  },
  "players": 1
}