{
  "defaultPhase": 2,
  "phases": {
    "1": {
      "RAL": 0.05,
      "HEL": 0.066666667,
      "PG": 0.025,
      "PA": 0.1,
      "IST": 1,
      "LO": 10,
      "OHM": 6,
      "BER": 24,
      "JAH": 28,
      "CHAM": 6,
      "VEX": 4,
      "MAL": 0.5,
      "UM": 0.25,
      "SUR": 12
    },
    "2": {
      "RAL": 0.0625,
      "HEL": 0.083333333,
      "PG": 0.033333333,
      "PA": 0.1,
      "IST": 1,
      "LO": 8,
      "OHM": 5,
      "BER": 20,
      "JAH": 24,
      "CHAM": 5,
      "VEX": 3,
      "MAL": 0.5,
      "UM": 0.25,
      "SUR": 10
    },
    "3": {
      "RAL": 0.066666667,
      "HEL": 0.083333333,
      "PG": 0.04,
      "PA": 0.1,
      "IST": 1,
      "LO": 7,
      "OHM": 5,
      "BER": 18,
      "JAH": 20,
      "CHAM": 4,
      "VEX": 3,
      "MAL": 0.5,
      "UM": 0.25,
      "SUR": 10
    }
  }
}
